{"MSE": 0.7784736514787014, "R2": 0.22220801132943335}