{"MSE": 0.7782265017123216, "R2": 0.22245494468154736}